frame_id,data_root,voxel_size_m,ground_threshold_m,eps_m,min_points,max_forward_m,half_width_m,near_range_m,seed,ransac_iterations,n_repeats,n_raw_points,n_invalid_points,n_roi_points,n_voxel_points,n_ground_points,n_non_ground_points,n_clusters,n_near_clusters,nearest_cluster_m,median_box_length_m,median_box_width_m,median_box_height_m,plane_abs_nz,latency_p50_ms,latency_p95_ms
000011,data/kitti_mini,0.1,0.2,0.6,8,30.0,15.0,20.0,0,100,20,108004,0,53503,19534,9578,9956,37,30,1.5575,0.4255,0.373,0.7877,0.9995,93.613,132.842
000011,data/kitti_mini,0.2,0.2,0.6,8,30.0,15.0,20.0,0,100,20,108004,0,53503,8652,4540,4112,34,29,1.5575,0.471,0.527,0.7425,0.9994,58.765,64.243
000011,data/kitti_mini,0.4,0.2,0.6,8,30.0,15.0,20.0,0,100,20,108004,0,53503,3482,1997,1485,25,19,1.54,0.9575,1.1462,1.108,0.9994,51.936,72.45
000011,data/kitti_mini,0.2,0.1,0.6,8,30.0,15.0,20.0,0,100,20,108004,0,53503,8652,4153,4499,39,31,1.5575,0.493,0.505,0.8275,0.9994,64.452,73.837
000011,data/kitti_mini,0.2,0.3,0.6,8,30.0,15.0,20.0,0,100,20,108004,0,53503,8652,4706,3946,33,28,1.5575,0.457,0.549,0.715,0.9994,64.138,92.34
000043,data/kitti_mini,0.1,0.2,0.6,8,30.0,15.0,20.0,0,100,20,122591,0,60416,20867,9115,11752,30,18,2.8318,0.6772,0.9645,0.7307,0.9999,107.729,127.517
000043,data/kitti_mini,0.2,0.2,0.6,8,30.0,15.0,20.0,0,100,20,122591,0,60416,8558,4132,4426,26,19,2.8531,0.651,0.875,0.7075,0.9999,71.535,79.171
000043,data/kitti_mini,0.4,0.2,0.6,8,30.0,15.0,20.0,0,100,20,122591,0,60416,2981,1597,1384,18,15,4.4362,0.7891,1.0271,1.5384,1.0,61.168,76.948
000043,data/kitti_mini,0.2,0.1,0.6,8,30.0,15.0,20.0,0,100,20,122591,0,60416,8558,3553,5005,24,19,2.8531,0.6925,0.888,0.8228,1.0,70.284,79.853
000043,data/kitti_mini,0.2,0.3,0.6,8,30.0,15.0,20.0,0,100,20,122591,0,60416,8558,4421,4137,22,18,4.1487,0.79,0.8469,0.8565,0.9999,70.921,88.382
000049,data/kitti_mini,0.1,0.2,0.6,8,30.0,15.0,20.0,0,100,20,113691,0,46869,16393,6958,9435,37,24,2.4121,1.507,1.413,1.1395,0.9997,81.733,97.577
000049,data/kitti_mini,0.2,0.2,0.6,8,30.0,15.0,20.0,0,100,20,113691,0,46869,7151,3009,4142,39,29,2.4475,1.507,1.497,1.1967,0.9998,55.652,62.836
000049,data/kitti_mini,0.4,0.2,0.6,8,30.0,15.0,20.0,0,100,20,113691,0,46869,2786,1295,1491,31,23,2.3972,1.5603,1.0885,0.9808,0.9997,49.989,63.155
000049,data/kitti_mini,0.2,0.1,0.6,8,30.0,15.0,20.0,0,100,20,113691,0,46869,7151,2728,4423,36,26,2.4475,1.757,1.466,1.2328,0.9997,55.702,63.089
000049,data/kitti_mini,0.2,0.3,0.6,8,30.0,15.0,20.0,0,100,20,113691,0,46869,7151,3393,3758,34,24,2.4475,1.7215,1.4377,1.1398,0.9998,55.352,85.156
