frame_id,voxel_size_m,ground_threshold_m,repeat,latency_ms
000011,0.1,0.2,1,164.561
000011,0.1,0.2,2,107.2226
000011,0.1,0.2,3,107.4649
000011,0.1,0.2,4,131.1724
000011,0.1,0.2,5,120.4287
000011,0.1,0.2,6,105.4166
000011,0.1,0.2,7,97.3716
000011,0.1,0.2,8,93.8355
000011,0.1,0.2,9,100.2474
000011,0.1,0.2,10,102.5622
000011,0.1,0.2,11,88.1855
000011,0.1,0.2,12,89.6452
000011,0.1,0.2,13,89.7601
000011,0.1,0.2,14,89.6902
000011,0.1,0.2,15,89.4055
000011,0.1,0.2,16,87.2456
000011,0.1,0.2,17,88.3874
000011,0.1,0.2,18,89.1595
000011,0.1,0.2,19,90.2052
000011,0.1,0.2,20,93.3895
000011,0.2,0.2,1,59.4004
000011,0.2,0.2,2,60.1235
000011,0.2,0.2,3,58.5278
000011,0.2,0.2,4,57.8577
000011,0.2,0.2,5,59.5868
000011,0.2,0.2,6,59.0028
000011,0.2,0.2,7,57.6758
000011,0.2,0.2,8,57.7162
000011,0.2,0.2,9,58.0952
000011,0.2,0.2,10,56.7928
000011,0.2,0.2,11,61.1418
000011,0.2,0.2,12,57.2295
000011,0.2,0.2,13,68.0822
000011,0.2,0.2,14,57.8494
000011,0.2,0.2,15,64.0405
000011,0.2,0.2,16,59.6878
000011,0.2,0.2,17,60.7111
000011,0.2,0.2,18,56.6401
000011,0.2,0.2,19,59.8582
000011,0.2,0.2,20,54.6702
000011,0.4,0.2,1,52.3993
000011,0.4,0.2,2,51.2118
000011,0.4,0.2,3,53.3598
000011,0.4,0.2,4,50.0868
000011,0.4,0.2,5,50.1394
000011,0.4,0.2,6,52.1755
000011,0.4,0.2,7,49.4155
000011,0.4,0.2,8,50.1994
000011,0.4,0.2,9,50.5035
000011,0.4,0.2,10,50.1396
000011,0.4,0.2,11,51.6963
000011,0.4,0.2,12,54.5583
000011,0.4,0.2,13,57.7246
000011,0.4,0.2,14,50.416
000011,0.4,0.2,15,98.3941
000011,0.4,0.2,16,63.7045
000011,0.4,0.2,17,61.8124
000011,0.4,0.2,18,52.7027
000011,0.4,0.2,19,71.0848
000011,0.4,0.2,20,51.5958
000011,0.2,0.1,1,60.6429
000011,0.2,0.1,2,60.6268
000011,0.2,0.1,3,61.1094
000011,0.2,0.1,4,64.4432
000011,0.2,0.1,5,62.9799
000011,0.2,0.1,6,69.6653
000011,0.2,0.1,7,64.8737
000011,0.2,0.1,8,70.8548
000011,0.2,0.1,9,64.1045
000011,0.2,0.1,10,66.3735
000011,0.2,0.1,11,73.6393
000011,0.2,0.1,12,58.767
000011,0.2,0.1,13,58.8173
000011,0.2,0.1,14,65.6028
000011,0.2,0.1,15,64.4617
000011,0.2,0.1,16,59.0316
000011,0.2,0.1,17,61.309
000011,0.2,0.1,18,65.0244
000011,0.2,0.1,19,65.018
000011,0.2,0.1,20,77.5937
000011,0.2,0.3,1,90.1174
000011,0.2,0.3,2,134.568
000011,0.2,0.3,3,64.0374
000011,0.2,0.3,4,59.5801
000011,0.2,0.3,5,64.2393
000011,0.2,0.3,6,56.6033
000011,0.2,0.3,7,64.6451
000011,0.2,0.3,8,66.8893
000011,0.2,0.3,9,61.6565
000011,0.2,0.3,10,60.9473
000011,0.2,0.3,11,61.7175
000011,0.2,0.3,12,59.3312
000011,0.2,0.3,13,62.2887
000011,0.2,0.3,14,64.4931
000011,0.2,0.3,15,67.3145
000011,0.2,0.3,16,73.2815
000011,0.2,0.3,17,63.0393
000011,0.2,0.3,18,61.9336
000011,0.2,0.3,19,71.6736
000011,0.2,0.3,20,66.9977
000043,0.1,0.2,1,112.05
000043,0.1,0.2,2,107.765
000043,0.1,0.2,3,104.8616
000043,0.1,0.2,4,112.4825
000043,0.1,0.2,5,112.6661
000043,0.1,0.2,6,111.0019
000043,0.1,0.2,7,108.0581
000043,0.1,0.2,8,168.1013
000043,0.1,0.2,9,125.381
000043,0.1,0.2,10,101.5793
000043,0.1,0.2,11,104.2802
000043,0.1,0.2,12,106.7491
000043,0.1,0.2,13,114.3192
000043,0.1,0.2,14,107.693
000043,0.1,0.2,15,97.9442
000043,0.1,0.2,16,108.105
000043,0.1,0.2,17,104.0582
000043,0.1,0.2,18,104.1449
000043,0.1,0.2,19,106.2306
000043,0.1,0.2,20,103.059
000043,0.2,0.2,1,132.9258
000043,0.2,0.2,2,75.3051
000043,0.2,0.2,3,71.7564
000043,0.2,0.2,4,74.0819
000043,0.2,0.2,5,68.246
000043,0.2,0.2,6,70.7226
000043,0.2,0.2,7,70.3737
000043,0.2,0.2,8,66.6438
000043,0.2,0.2,9,76.2245
000043,0.2,0.2,10,72.3777
000043,0.2,0.2,11,71.6781
000043,0.2,0.2,12,65.1484
000043,0.2,0.2,13,71.391
000043,0.2,0.2,14,69.5707
000043,0.2,0.2,15,66.4721
000043,0.2,0.2,16,73.4346
000043,0.2,0.2,17,76.3422
000043,0.2,0.2,18,63.5214
000043,0.2,0.2,19,70.0705
000043,0.2,0.2,20,73.6466
000043,0.4,0.2,1,94.928
000043,0.4,0.2,2,76.0018
000043,0.4,0.2,3,65.3557
000043,0.4,0.2,4,61.2152
000043,0.4,0.2,5,60.127
000043,0.4,0.2,6,61.5001
000043,0.4,0.2,7,58.0983
000043,0.4,0.2,8,61.0026
000043,0.4,0.2,9,61.0658
000043,0.4,0.2,10,63.2639
000043,0.4,0.2,11,64.9715
000043,0.4,0.2,12,62.8442
000043,0.4,0.2,13,59.3259
000043,0.4,0.2,14,58.1039
000043,0.4,0.2,15,61.0057
000043,0.4,0.2,16,58.6304
000043,0.4,0.2,17,66.5758
000043,0.4,0.2,18,61.1212
000043,0.4,0.2,19,57.9587
000043,0.4,0.2,20,69.8638
000043,0.2,0.1,1,70.5803
000043,0.2,0.1,2,131.5589
000043,0.2,0.1,3,71.976
000043,0.2,0.1,4,70.104
000043,0.2,0.1,5,68.9999
000043,0.2,0.1,6,76.2741
000043,0.2,0.1,7,67.807
000043,0.2,0.1,8,72.3544
000043,0.2,0.1,9,67.035
000043,0.2,0.1,10,73.4585
000043,0.2,0.1,11,67.823
000043,0.2,0.1,12,68.6248
000043,0.2,0.1,13,69.3329
000043,0.2,0.1,14,68.9638
000043,0.2,0.1,15,72.0123
000043,0.2,0.1,16,69.996
000043,0.2,0.1,17,74.8964
000043,0.2,0.1,18,70.4138
000043,0.2,0.1,19,77.1313
000043,0.2,0.1,20,70.1533
000043,0.2,0.3,1,70.1688
000043,0.2,0.3,2,71.5077
000043,0.2,0.3,3,76.4185
000043,0.2,0.3,4,64.7736
000043,0.2,0.3,5,66.2627
000043,0.2,0.3,6,69.6232
000043,0.2,0.3,7,82.7261
000043,0.2,0.3,8,129.2237
000043,0.2,0.3,9,76.0267
000043,0.2,0.3,10,80.0081
000043,0.2,0.3,11,86.2324
000043,0.2,0.3,12,73.4852
000043,0.2,0.3,13,68.7845
000043,0.2,0.3,14,72.0663
000043,0.2,0.3,15,70.3693
000043,0.2,0.3,16,69.4529
000043,0.2,0.3,17,68.6241
000043,0.2,0.3,18,66.9457
000043,0.2,0.3,19,71.4718
000043,0.2,0.3,20,66.3355
000049,0.1,0.2,1,82.5495
000049,0.1,0.2,2,86.547
000049,0.1,0.2,3,82.1233
000049,0.1,0.2,4,79.3544
000049,0.1,0.2,5,78.7516
000049,0.1,0.2,6,143.5793
000049,0.1,0.2,7,82.8042
000049,0.1,0.2,8,81.881
000049,0.1,0.2,9,81.6524
000049,0.1,0.2,10,81.1601
000049,0.1,0.2,11,82.7413
000049,0.1,0.2,12,80.1553
000049,0.1,0.2,13,81.8138
000049,0.1,0.2,14,95.1557
000049,0.1,0.2,15,81.8799
000049,0.1,0.2,16,78.259
000049,0.1,0.2,17,80.4026
000049,0.1,0.2,18,78.3433
000049,0.1,0.2,19,79.8052
000049,0.1,0.2,20,78.5279
000049,0.2,0.2,1,57.5535
000049,0.2,0.2,2,124.6984
000049,0.2,0.2,3,58.3385
000049,0.2,0.2,4,56.6983
000049,0.2,0.2,5,54.8397
000049,0.2,0.2,6,58.3058
000049,0.2,0.2,7,52.4617
000049,0.2,0.2,8,56.156
000049,0.2,0.2,9,53.4444
000049,0.2,0.2,10,58.6492
000049,0.2,0.2,11,55.309
000049,0.2,0.2,12,55.4164
000049,0.2,0.2,13,55.8874
000049,0.2,0.2,14,51.8319
000049,0.2,0.2,15,54.4704
000049,0.2,0.2,16,53.5566
000049,0.2,0.2,17,48.7975
000049,0.2,0.2,18,56.9828
000049,0.2,0.2,19,54.971
000049,0.2,0.2,20,59.58
000049,0.4,0.2,1,53.8289
000049,0.4,0.2,2,48.3165
000049,0.4,0.2,3,52.3011
000049,0.4,0.2,4,52.138
000049,0.4,0.2,5,50.017
000049,0.4,0.2,6,47.3381
000049,0.4,0.2,7,50.6302
000049,0.4,0.2,8,53.2452
000049,0.4,0.2,9,45.4952
000049,0.4,0.2,10,47.881
000049,0.4,0.2,11,52.1099
000049,0.4,0.2,12,46.1798
000049,0.4,0.2,13,47.5286
000049,0.4,0.2,14,45.0549
000049,0.4,0.2,15,45.7738
000049,0.4,0.2,16,49.9603
000049,0.4,0.2,17,84.2419
000049,0.4,0.2,18,62.0455
000049,0.4,0.2,19,52.3154
000049,0.4,0.2,20,49.3886
000049,0.2,0.1,1,72.9178
000049,0.2,0.1,2,61.8886
000049,0.2,0.1,3,56.9259
000049,0.2,0.1,4,54.6961
000049,0.2,0.1,5,54.0791
000049,0.2,0.1,6,59.2412
000049,0.2,0.1,7,52.3956
000049,0.2,0.1,8,54.248
000049,0.2,0.1,9,53.5871
000049,0.2,0.1,10,54.937
000049,0.2,0.1,11,54.4547
000049,0.2,0.1,12,51.7611
000049,0.2,0.1,13,59.8209
000049,0.2,0.1,14,51.3301
000049,0.2,0.1,15,57.9527
000049,0.2,0.1,16,54.0595
000049,0.2,0.1,17,59.5072
000049,0.2,0.1,18,57.3227
000049,0.2,0.1,19,62.5717
000049,0.2,0.1,20,56.4678
000049,0.2,0.3,1,51.6684
000049,0.2,0.3,2,57.011
000049,0.2,0.3,3,52.2851
000049,0.2,0.3,4,50.9091
000049,0.2,0.3,5,58.4678
000049,0.2,0.3,6,52.6023
000049,0.2,0.3,7,99.9769
000049,0.2,0.3,8,54.7749
000049,0.2,0.3,9,56.1273
000049,0.2,0.3,10,51.6737
000049,0.2,0.3,11,58.1405
000049,0.2,0.3,12,51.6501
000049,0.2,0.3,13,55.9285
000049,0.2,0.3,14,56.331
000049,0.2,0.3,15,84.3758
000049,0.2,0.3,16,54.273
000049,0.2,0.3,17,56.185
000049,0.2,0.3,18,57.5839
000049,0.2,0.3,19,51.8597
000049,0.2,0.3,20,54.3834
